time,energy,cmmt,sstot,d12,d13,d14,d23,d24,d34,rg1,rg2,rg3,rg4
49.000002,-282367.5156,2.360802,18.59994,1.299039,1.733618,1.441743,1.714081,2.045832,1.050243,0.79965,0.716211,0.655513,0.649315
99.000005,-280938.707,2.410793,18.265615,1.305347,1.610807,1.50937,1.678058,2.150078,0.992348,0.793137,0.737542,0.661645,0.621359
149.000007,-281256.7539,2.111834,19.66859,1.709098,1.530729,1.3298,1.949257,2.568758,1.04715,0.774531,0.750965,0.654174,0.645957
199.000009,-282316.5977,2.339171,18.724736,1.685578,1.455525,1.2873,1.779824,2.450845,0.999025,0.751896,0.707899,0.684086,0.638909
249.000012,-282182.8242,2.085921,18.312886,1.91745,1.492185,1.354141,2.028253,2.68101,0.945716,0.778233,0.70391,0.665926,0.652135
299.000014,-281441.9258,2.121556,18.832379,1.824889,1.478692,1.34501,2.077245,2.654654,0.956379,0.747247,0.691501,0.687254,0.652004
349.000017,-284306.5898,2.121369,19.005362,1.776662,1.507674,1.374844,1.931363,2.591585,0.965297,0.753375,0.634988,0.674765,0.62818
399.000019,-282473.1875,2.263171,18.300087,1.239547,1.615253,1.512779,1.855237,2.392314,1.107222,0.667011,0.714638,0.649071,0.692555
449.000021,-282161.3164,2.107433,19.267355,1.287871,1.701454,1.625392,1.951726,2.481027,1.04202,0.675664,0.695503,0.623871,0.678532
499.000024,-281612.4648,2.931951,20.378021,1.263464,1.567652,1.483487,1.264374,1.857079,0.98517,0.766764,0.666875,0.721723,0.687512
549.000026,-282404.9063,2.887803,20.182089,1.254628,1.520492,1.515871,1.250211,1.933946,1.049786,0.762744,0.643646,0.705262,0.698602
599.000028,-280993.207,2.869074,21.773501,1.343543,1.536394,1.411608,1.249237,1.87725,1.070236,0.759088,0.653579,0.70126,0.701188
649.000031,-283138.1992,2.976852,22.502717,1.302281,1.553325,1.445983,1.207692,1.859952,1.006968,0.77842,0.653728,0.674026,0.682803
699.000033,-282546.3086,2.988793,22.936336,1.322173,1.450703,1.445282,1.194038,1.945885,1.0505,0.785945,0.664035,0.701371,0.657051
749.000036,-283374.3633,3.088682,20.653379,1.294688,1.470599,1.331633,1.238871,1.896393,1.036735,0.79681,0.664746,0.703846,0.693375
799.000038,-282990.1055,2.79703,20.533991,1.172451,1.736438,1.376802,1.493227,1.751985,1.050523,0.710289,0.741206,0.654233,0.637184
849.00004,-284702.3828,2.883363,21.900664,1.16116,1.768281,1.362036,1.462229,1.637848,1.062809,0.68436,0.68512,0.633189,0.631171
899.000043,-285002.8828,3.013599,24.205452,1.224562,1.570933,1.421696,1.233933,1.881406,1.033261,0.725211,0.67652,0.659029,0.64259
949.000045,-281467.4063,2.890127,25.934375,1.339909,1.608696,1.369955,1.20211,1.888743,1.093067,0.711809,0.664381,0.662764,0.637734
999.000047,-280422.1328,3.093798,24.375783,1.328895,1.641662,1.298026,1.175845,1.746402,1.03647,0.742879,0.663792,0.681824,0.645428
1049.00005,-284209.3125,2.914918,23.738309,1.290312,1.618685,1.371585,1.203851,1.872536,1.116207,0.728309,0.662555,0.699707,0.667235
1099.000052,-285713.3672,2.719273,19.342593,1.297075,1.736769,1.49952,1.393556,1.418025,1.189885,0.716261,0.666948,0.632205,0.713435
1149.000055,-279779.0977,2.940955,22.798266,1.244426,1.552405,1.515994,1.206656,1.919147,1.035559,0.737128,0.662061,0.678102,0.646357
1199.000057,-284574.1523,2.808774,23.820254,1.272547,1.566975,1.514006,1.246652,1.958921,1.075109,0.728214,0.672897,0.682809,0.631208
1249.000059,-284528.3242,2.769825,23.171438,1.295628,1.579528,1.543454,1.207309,1.962512,1.101272,0.705433,0.635118,0.676849,0.660218
1299.000062,-283198.1992,2.967318,23.635029,1.260624,1.514034,1.411934,1.247419,1.938712,1.060188,0.736546,0.666842,0.669401,0.635073
1349.000064,-280982.6445,2.621452,20.47528,1.19551,1.838793,1.398997,1.581355,1.666019,1.115952,0.716829,0.697719,0.651005,0.652356
1399.000066,-281987.4727,3.065691,22.587671,1.240511,1.537375,1.343728,1.22827,1.863918,1.07955,0.719619,0.665831,0.700506,0.650712
1449.000069,-281025.043,3.010611,21.550909,1.274984,1.557614,1.378436,1.202784,1.864876,1.074666,0.742112,0.644355,0.674322,0.669984
1499.000071,-281282.2617,2.939349,22.901473,1.290385,1.582729,1.418609,1.211629,1.88287,1.056398,0.715471,0.654598,0.689779,0.64937
1549.000074,-286936.1953,2.903631,23.3406,1.246008,1.619008,1.465236,1.210521,1.870971,1.082549,0.758452,0.669159,0.667229,0.637749
1599.000076,-283801.7344,2.918612,24.764658,1.319596,1.589333,1.419453,1.195444,1.882522,1.058879,0.701477,0.656816,0.696952,0.636391
1649.000078,-281146.3164,2.853467,22.623997,1.25565,1.575562,1.466659,1.292269,1.93629,1.034633,0.705728,0.653518,0.684885,0.667338
1699.000081,-286568.7695,2.880967,22.452597,1.259716,1.602648,1.494058,1.228285,1.906358,1.042521,0.716848,0.653223,0.684091,0.64562
1749.000083,-286331.6875,2.871915,22.527204,1.233339,1.49907,1.478411,1.256914,2.005202,1.11146,0.710259,0.646799,0.674882,0.668961
1799.000085,-282830.0117,2.865551,18.943641,1.1687,1.697209,1.37435,1.423074,1.719499,1.08551,0.757874,0.672749,0.655338,0.650177
1849.000088,-282090.5898,2.923632,17.859695,1.394079,1.78037,1.168205,1.542143,1.363456,1.133348,0.708768,0.720083,0.670683,0.656612
1899.00009,-283041.3828,2.852065,21.752209,1.249441,1.610364,1.543635,1.180548,1.929342,1.088579,0.732641,0.655182,0.682598,0.650091
1949.000093,-281206.3828,2.971211,23.689067,1.223159,1.562508,1.538019,1.218425,1.914929,0.983425,0.732892,0.645301,0.645785,0.648287
1999.000095,-284150.1211,2.935486,23.224259,1.267674,1.621372,1.508996,1.181195,1.865818,1.017686,0.729805,0.649471,0.652835,0.644102
2049.000097,-282037.293,2.878012,18.984053,1.412559,1.622465,1.178422,1.488513,1.462938,1.175766,0.700417,0.691048,0.666539,0.66689
2099.0001,-280030.1875,3.095241,20.033179,1.335812,1.578401,1.180983,1.464268,1.408044,1.133457,0.697304,0.695492,0.650015,0.669028
2149.000102,-284869.9844,3.027779,18.522123,1.384381,1.583765,1.126462,1.558855,1.408208,1.133099,0.73374,0.71186,0.668672,0.668532
2199.000104,-279627.3516,3.013394,25.272098,1.220379,1.599224,1.497509,1.210768,1.825,0.992002,0.666885,0.665352,0.647068,0.632939
2249.000107,-281972.9844,3.189506,23.502919,1.220006,1.575479,1.423695,1.157313,1.754849,0.980542,0.668376,0.670471,0.661004,0.650946
2299.000109,-285329.4551,3.067249,19.694265,1.30585,1.597341,1.230041,1.495323,1.372353,1.13487,0.695702,0.694567,0.671121,0.655875
2349.000112,-284768.9414,2.827297,20.56187,1.357516,1.631919,1.234598,1.571071,1.440879,1.170025,0.681261,0.683967,0.666818,0.661244
2399.000114,-282513.8828,2.942843,21.271838,1.324277,1.558948,1.24871,1.489122,1.431784,1.188562,0.667213,0.688672,0.668805,0.650912
2449.000116,-280584.7383,2.971502,21.089058,1.38188,1.561051,1.217789,1.46331,1.44856,1.144677,0.684122,0.69133,0.672356,0.673914
2499.000119,-281181.8867,3.004534,20.38598,1.309597,1.564263,1.246279,1.499025,1.373971,1.188476,0.682988,0.717226,0.666514,0.670852
2549.000121,-277197.3984,1.947844,13.429957,3.54876,1.206466,1.206082,4.042103,3.275364,1.269346,0.663855,0.641382,0.706297,0.627061
2599.000123,-286672.1406,2.844559,21.809006,1.348554,1.670262,1.281326,1.532226,1.394655,1.160031,0.668874,0.687439,0.667555,0.657105
2649.000126,-277514.1094,2.882198,22.646879,1.398875,1.605498,1.266437,1.528026,1.41382,1.114759,0.668151,0.694948,0.669589,0.672125
2699.000128,-280231.4688,3.043635,25.083712,1.238716,1.65425,1.41464,1.220443,1.774787,0.988533,0.647668,0.66155,0.671115,0.661357
2749.000131,-283744.4805,2.826141,20.327886,1.425767,1.566695,1.331028,1.543532,1.376057,1.126137,0.736866,0.705486,0.663993,0.655267
2799.000133,-279443.7617,3.101562,19.388374,0.85611,1.97227,1.688722,1.255504,1.450169,1.11145,0.691874,0.688348,0.762017,0.693674
2849.000135,-284310.8242,2.944102,27.383947,1.282434,1.681652,1.399886,1.218338,1.796532,1.041311,0.624054,0.662116,0.657289,0.651817
2899.000138,-282185.4688,2.570411,17.927611,1.417154,1.646568,1.299075,1.626823,1.559719,1.15933,0.729767,0.702908,0.665545,0.657845
2949.00014,-287468.0469,2.80941,18.125614,1.459356,1.561575,1.284595,1.56276,1.376444,1.150554,0.784743,0.673516,0.656414,0.663226
2999.000142,-284581.8242,2.886691,20.357823,1.405867,1.560418,1.2376,1.584561,1.404711,1.133339,0.730512,0.708782,0.666946,0.676484
3049.000145,-283827.3789,3.239134,26.823362,1.223831,1.631135,1.295036,1.194379,1.701782,1.012728,0.625323,0.668741,0.64412,0.638207
3099.000147,-280230.9102,3.118444,27.557445,1.276785,1.622765,1.341742,1.195556,1.763764,0.99641,0.633536,0.657658,0.649022,0.632731
3149.00015,-280197.9414,3.157349,28.074903,1.259191,1.653631,1.357493,1.15421,1.716403,1.01326,0.622052,0.658534,0.677649,0.652947
3199.000152,-284513.5469,3.006634,27.694191,1.272523,1.684563,1.41318,1.140013,1.753651,1.08245,0.639142,0.645611,0.658564,0.692435
3249.000154,-281057.9102,3.029537,27.234131,1.235097,1.633654,1.361173,1.198875,1.792622,1.099412,0.631524,0.676388,0.643724,0.690298
3299.000157,-278805.6484,3.012818,25.050276,1.282029,1.690403,1.397438,1.143211,1.74531,1.077945,0.6588,0.718357,0.645188,0.64248
3349.000159,-279127.7617,2.992566,28.111035,1.313825,1.710478,1.287601,1.243147,1.741894,1.057152,0.645583,0.668822,0.642968,0.644472
3399.000161,-282306.2578,3.105017,26.078452,1.369225,1.692939,1.239461,1.165993,1.697139,1.056666,0.641319,0.72176,0.677776,0.648522
3449.000164,-277108.9336,2.639069,20.886446,1.450459,1.634152,1.290384,1.637173,1.476592,1.13675,0.682275,0.684237,0.668156,0.672491
3499.000166,-280829.7266,2.634564,22.301772,1.45945,1.693908,1.342264,1.522598,1.447066,1.147077,0.675122,0.701632,0.660051,0.665961
3549.000169,-282314.4961,2.655677,21.673479,1.529564,1.55973,1.321135,1.55531,1.439616,1.154844,0.681222,0.691407,0.654459,0.645469
3599.000171,-286469.5352,2.69092,22.461781,1.4327,1.584923,1.329468,1.597546,1.455531,1.132708,0.665386,0.676818,0.663491,0.67296
3649.000173,-283655.6758,2.818789,26.694971,1.328687,1.762846,1.372054,1.236511,1.783737,1.092709,0.650952,0.666982,0.666493,0.653664
3699.000176,-285389.8359,2.704375,20.212084,1.492284,1.550918,1.276155,1.63562,1.440891,1.13792,0.691628,0.702109,0.669225,0.6677
3749.000178,-285044.7188,2.959839,26.313039,1.324988,1.682849,1.383324,1.189462,1.764902,1.040522,0.652166,0.678707,0.644326,0.668921
3799.00018,-287393.0586,2.635272,21.72497,1.454759,1.650759,1.385662,1.568718,1.405507,1.135602,0.673752,0.691202,0.664326,0.657016
3849.000183,-282003.4258,3.692202,18.617617,1.088181,1.17596,1.138293,1.228598,1.954509,1.16548,0.686912,0.745258,0.640057,0.732386
3899.000185,-283164.5625,2.812057,25.521006,1.442249,1.688536,1.254048,1.367069,1.836213,0.972997,0.660166,0.695741,0.646882,0.644203
3949.000188,-278135.793,3.523281,19.254472,1.084212,1.190722,1.204571,1.260763,1.992083,1.200254,0.669028,0.701304,0.645409,0.714048
3999.00019,-279774.1719,2.877412,22.682977,0.918284,1.96141,1.756347,1.217653,1.586696,1.205365,0.672539,0.655849,0.722135,0.657698
4049.000192,-283028.8359,2.986649,21.913053,0.926902,1.939466,1.720294,1.140778,1.516205,1.244592,0.67206,0.671117,0.707805,0.689352
4099.000195,-285399.0039,3.038236,20.899705,0.922906,1.928376,1.64103,1.13008,1.472,1.28391,0.663915,0.681575,0.769705,0.712616
4149.000197,-278837.7109,3.161322,22.865408,1.22636,1.552343,1.300911,1.246556,1.825807,1.022215,0.730069,0.664328,0.651702,0.675736
4199.000199,-283970.75,3.120867,22.383729,1.24102,1.51954,1.351464,1.197592,1.879933,1.056883,0.739327,0.699826,0.645983,0.658192
4249.000202,-283737.6758,2.939804,21.32788,1.333365,1.62321,1.366409,1.204506,1.847324,1.054618,0.733785,0.674231,0.668964,0.670955
4299.000204,-279782.5195,3.133287,23.202892,1.158185,1.57308,1.471956,1.186882,1.827153,1.008454,0.714981,0.691383,0.652562,0.664458
4349.000207,-281369.918,3.12388,23.447595,1.277819,1.565541,1.405654,1.10879,1.815035,1.043678,0.733695,0.698398,0.640457,0.65729
4399.000209,-285048.7773,3.165849,22.836401,1.304325,1.52459,1.3308,1.127703,1.835876,1.050791,0.721509,0.67305,0.658114,0.658831
4449.000211,-279807.2539,3.014214,21.218824,0.920695,2.002167,1.689289,1.168068,1.402258,1.284349,0.676405,0.661778,0.812778,0.674332
4499.000214,-279279.3789,3.269975,16.730104,0.920369,1.528489,1.531832,1.331648,1.394518,1.183772,0.706435,0.715606,0.658518,0.580087
4549.000216,-285095.5781,3.003144,22.306522,0.918605,1.9957,1.708169,1.17099,1.430631,1.261219,0.683045,0.673724,0.746573,0.65979
4599.000218,-288482.3242,3.032963,22.712166,0.917838,1.912697,1.685259,1.074066,1.462073,1.33376,0.6689,0.670867,0.745613,0.676354
4649.000221,-283338.1797,3.126855,23.9334,0.931966,1.855526,1.635918,1.065555,1.499742,1.26065,0.664418,0.683973,0.771148,0.643964
4699.000223,-280436.8477,3.277806,22.96916,1.611102,1.470802,1.227706,1.016831,1.770007,0.933819,0.636463,0.708947,0.662758,0.68785
4749.000226,-277930.25,3.022695,19.549367,0.959537,2.043177,1.613488,1.188218,1.367945,1.29579,0.686575,0.69602,0.778794,0.662067
4799.000228,-284910.5117,3.095667,20.740589,0.951547,2.065106,1.570456,1.187272,1.301643,1.319966,0.676489,0.69279,0.747837,0.668316
4849.00023,-279497.9883,3.053822,19.026456,0.968892,1.590388,1.612628,1.388666,1.398092,1.206499,0.695319,0.708077,0.65164,0.58055
4899.000233,-278718.3008,3.035049,21.598393,0.944428,2.103914,1.496316,1.308429,1.309909,1.292024,0.682155,0.715561,0.79317,0.654307
4949.000235,-287042.1953,3.101895,22.278592,0.943049,2.067941,1.57563,1.20819,1.282782,1.31276,0.673108,0.693138,0.791545,0.652989
4999.000237,-276117.543,3.192188,21.274429,1.047624,2.052642,1.407283,1.203183,1.2896,1.282522,0.663875,0.70983,0.785717,0.665682
5049.00024,-284415.7539,3.435371,23.19875,1.268241,1.364213,1.310725,0.996991,1.857271,1.09963,0.710774,0.703938,0.640377,0.663189
5099.000242,-278211.0547,3.621415,23.076928,1.213825,1.28151,1.304545,0.951121,1.850679,1.102978,0.716296,0.719865,0.670239,0.655207
5149.000245,-283138.6953,3.169349,24.856348,1.004663,1.993805,1.377021,1.18114,1.3469,1.344702,0.659569,0.696842,0.739728,0.655468
5199.000247,-280052.3281,3.133443,22.923749,0.9769,1.958968,1.482656,1.12718,1.389387,1.331043,0.667885,0.707119,0.743351,0.674203
5249.000249,-280882.8359,3.183794,18.180849,0.947967,1.561831,1.629179,1.240266,1.461511,1.199837,0.710617,0.675252,0.668663,0.589813
5299.000252,-282229.2383,2.98982,18.4478,0.88878,1.572278,1.746105,1.309612,1.543101,1.215741,0.695775,0.688893,0.667263,0.635483
5349.000254,-280775.6914,3.057877,21.22068,1.675777,1.538016,1.208997,1.13387,1.811894,0.965743,0.655603,0.70554,0.650838,0.683937
5399.000256,-280610.8438,3.215196,18.008703,0.919916,1.51652,1.733136,1.167886,1.574425,1.160556,0.709329,0.683174,0.671193,0.634278
5449.000259,-282837.8008,3.119854,24.533563,1.004595,2.052528,1.440071,1.15467,1.307504,1.391261,0.672165,0.693433,0.699951,0.653363
5499.000261,-288024.3633,2.990693,18.587672,0.926473,1.577244,1.780842,1.299187,1.593702,1.158358,0.717809,0.684716,0.660061,0.612038
5549.000264,-282845.6133,3.026437,17.704856,1.017929,1.604157,1.626621,1.300698,1.519515,1.168372,0.707744,0.729587,0.650777,0.591643
5599.000266,-280259.75,3.34545,19.710813,1.318818,1.384938,1.295913,1.023656,1.866583,1.105176,0.718826,0.738654,0.668659,0.698469
5649.000268,-279766.3594,3.559554,20.229039,1.127347,1.316375,1.254987,1.168355,1.879376,1.067381,0.670654,0.723433,0.611673,0.59514
5699.000271,-283677.8164,3.050521,24.038493,1.134442,2.046752,1.403577,1.088035,1.371744,1.37541,0.659045,0.699222,0.680475,0.650092
5749.000273,-283025.6094,2.886321,20.900612,1.052508,2.163909,1.385204,1.272864,1.34058,1.452585,0.676182,0.691362,0.686336,0.673444
5799.000275,-286393.9258,3.420094,20.312572,1.274996,1.289255,1.417895,0.932981,1.900293,1.108414,0.733087,0.709845,0.675668,0.656728
5849.000278,-285329.9336,3.246459,21.209648,1.397119,1.261262,1.392868,1.024935,2.012491,1.111752,0.756592,0.719255,0.658196,0.655876
5899.00028,-286035.2188,3.545166,19.519387,1.174357,1.279926,1.264554,1.205173,1.908798,1.001285,0.672895,0.726394,0.644502,0.595246
5949.000283,-280580.9336,3.605171,19.033777,1.093952,1.282495,1.30064,1.192322,1.888942,1.005361,0.676959,0.7137,0.663057,0.612211
5999.000285,-282689.2734,3.59968,19.759676,1.113324,1.293911,1.242978,1.175157,1.890534,1.068264,0.663549,0.699639,0.627899,0.588847
6049.000287,-282312.293,3.624666,19.226917,1.107152,1.310474,1.216863,1.196716,1.825744,1.059053,0.662252,0.727983,0.639758,0.607692
6099.00029,-275635.9492,3.21141,19.89155,1.019563,1.983669,1.329275,1.184651,1.362503,1.322985,0.67834,0.674131,0.695593,0.704653
6149.000292,-284456.2695,3.689924,20.403814,1.040349,1.305036,1.468361,1.05275,1.448128,1.181288,0.709034,0.752962,0.688087,0.666732
6199.000294,-282962.6367,3.697349,19.69866,1.07018,1.361939,1.575129,1.001538,1.369606,1.127456,0.695262,0.741485,0.689662,0.665367
6249.000297,-282497.9805,3.85159,19.892809,1.022106,1.352465,1.457492,1.067804,1.31782,1.113293,0.709216,0.74736,0.699483,0.654664
6299.000299,-278548.9375,3.85537,20.212828,1.039636,1.279152,1.491984,1.034292,1.39035,1.100196,0.744612,0.72536,0.687731,0.66733
6349.000302,-282877.6953,3.640604,17.804814,1.020303,1.321694,1.284674,1.185333,1.833929,1.045806,0.709387,0.723437,0.663311,0.601721
6399.000304,-283507.5977,3.757268,17.036902,0.929705,1.355078,1.248388,1.222649,1.727898,0.994047,0.72892,0.751931,0.671203,0.609145
6449.000306,-281089.8516,3.528007,19.43959,1.104124,1.36999,1.238499,1.221633,1.841888,1.037239,0.700396,0.709553,0.636862,0.622477
6499.000309,-285388.7422,3.506442,19.798258,1.124962,1.296908,1.255542,1.1865,1.931854,1.107549,0.692183,0.699881,0.651495,0.622261
6549.000311,-278027.0469,3.402416,17.231141,1.116272,1.363449,1.261901,1.248119,1.915718,1.080097,0.720084,0.73578,0.641907,0.596399
6599.000313,-285776.6563,3.514167,17.325058,1.101443,1.32223,1.290954,1.167052,1.880636,1.095501,0.722702,0.730054,0.626298,0.633789
6649.000316,-277699.3242,3.747689,19.445804,1.297314,1.125849,1.36689,0.892049,1.860594,1.014191,0.723192,0.722549,0.710318,0.675256
6699.000318,-282131.0078,3.719061,21.264592,1.142249,1.383467,1.377493,1.13994,1.326717,1.090387,0.710569,0.735134,0.663082,0.676145
6749.000321,-284186.4688,3.827351,21.195256,1.091309,1.399573,1.416095,1.082674,1.316672,1.049513,0.717351,0.728861,0.653352,0.668324
6799.000323,-280074.5938,3.5894,21.115568,1.102386,1.428122,1.469686,1.089404,1.361589,1.148443,0.713888,0.744136,0.661111,0.676956
6849.000325,-279415.3867,3.933075,20.410877,1.004501,1.370617,1.364287,1.087902,1.310951,1.103513,0.722787,0.754262,0.67166,0.670934
6899.000328,-282607.8477,3.540149,18.114689,1.151228,1.32653,1.238349,1.145642,1.885591,1.092353,0.664855,0.687697,0.637669,0.633099
6949.00033,-283149.4297,3.607135,18.318334,1.1434,1.306679,1.279373,1.139637,1.840332,1.026864,0.658237,0.699444,0.654667,0.630745
6999.000332,-287961.1055,3.700695,17.949574,1.076853,1.304844,1.285192,1.114372,1.81853,1.032478,0.67728,0.700075,0.647135,0.664793
7049.000335,-282646.7617,3.557699,18.308475,1.041929,1.990441,1.33728,1.180843,1.201461,1.143206,0.659278,0.683768,0.630823,0.704333
7099.000337,-275959.0508,3.708161,18.586967,1.022077,1.920917,1.298883,1.152297,1.195987,1.108825,0.655306,0.674541,0.647437,0.733093
7149.00034,-285024.8086,3.488003,18.660882,1.175536,1.341278,1.300823,1.116371,1.87713,1.066883,0.666654,0.70276,0.629627,0.625629
7199.000342,-282765.2422,3.494747,19.743983,1.181894,1.341622,1.275439,1.108282,1.873603,1.090626,0.686719,0.716871,0.637258,0.640729
7249.000344,-284121.8418,3.413888,19.095611,1.167964,1.392133,1.351078,1.114784,1.856196,1.053225,0.688673,0.715534,0.628141,0.625717
7299.000347,-282410.7148,3.566903,18.083029,1.186289,1.303627,1.272947,1.108119,1.863509,1.058882,0.674883,0.727425,0.633759,0.628714
7349.000349,-281473.0703,3.595793,19.236351,0.997419,1.994713,1.335026,1.177439,1.184851,1.16404,0.655498,0.694538,0.617035,0.674959
7399.000351,-280857.1953,3.585807,23.058405,1.31763,1.192899,1.341154,0.921573,1.915924,1.080773,0.737996,0.719475,0.666116,0.657839
7449.000354,-279437.3359,3.447788,19.81071,1.269406,1.376267,1.304369,1.083044,1.819803,1.01111,0.662441,0.673633,0.660791,0.597782
7499.000356,-282446.8359,3.771378,20.563871,1.18051,1.094042,1.384199,0.953634,1.95578,1.076664,0.734559,0.737887,0.664368,0.670546
7549.000359,-283174.8203,3.501374,18.918174,1.136244,1.3469,1.301993,1.116996,1.833471,1.104298,0.685937,0.719397,0.641165,0.603182
7599.000361,-280612.4531,3.55077,17.605532,1.198789,1.336866,1.273529,1.122996,1.831951,1.016009,0.696363,0.709452,0.645023,0.642613
7649.000363,-285282.6953,3.559868,18.627661,1.181277,1.289178,1.28234,1.139597,1.881652,1.035486,0.677742,0.709454,0.636319,0.600133
7699.000366,-281513.4102,3.523729,19.448761,1.083651,1.957044,1.345965,1.164778,1.265833,1.085776,0.655989,0.657537,0.627313,0.689342
7749.000368,-287700.7461,3.480759,18.538604,1.131062,2.002863,1.341894,1.145903,1.225153,1.136906,0.665935,0.64698,0.682983,0.705171
7799.00037,-283758.0078,3.439287,19.958731,1.09173,1.971896,1.318895,1.154328,1.289315,1.168314,0.646771,0.669027,0.695302,0.679394
7849.000373,-285530.2871,3.426189,18.4811,1.290798,1.312961,1.215095,1.153684,1.932492,1.068784,0.680444,0.726064,0.631217,0.633174
7899.000375,-283744.5547,3.396059,19.181273,1.223976,1.305624,1.264234,1.213205,1.936586,1.058581,0.691781,0.693728,0.62394,0.622177
7949.000378,-286728.5273,3.243334,20.40149,1.21229,1.287221,1.408978,1.117498,2.0026,1.177162,0.668534,0.735563,0.625224,0.61112
7999.00038,-283936.6719,3.384217,19.837465,1.210114,1.307171,1.413117,1.084436,1.904186,1.07855,0.676726,0.725396,0.629214,0.619444
8049.000382,-282616.7578,3.540463,19.808896,1.196912,1.287431,1.286136,1.090458,1.873467,1.092293,0.67656,0.725775,0.632492,0.619877
8099.000385,-281338.0117,3.496346,20.03524,1.213386,1.300593,1.319115,1.086398,1.882759,1.068621,0.687699,0.727488,0.637481,0.629435
8149.000387,-286479.4141,3.597264,19.230764,1.166311,1.276785,1.310599,1.132487,1.869105,1.004089,0.687951,0.71596,0.634862,0.616599
8199.000389,-287481.6621,3.561703,18.50568,1.166224,1.281407,1.293511,1.122605,1.8811,1.06743,0.697832,0.73016,0.627193,0.639474
8249.000392,-283435.2461,3.128559,18.886403,1.053032,1.796779,1.484234,1.249499,1.350808,1.238542,0.642256,0.710852,0.657188,0.619816
8299.000394,-279641.0859,3.47228,17.659572,1.210011,1.330707,1.310246,1.092981,1.872712,1.070768,0.699541,0.69538,0.642235,0.64212
8349.000397,-280866.0781,3.490093,19.462277,1.189723,1.289561,1.297482,1.133152,1.930762,1.073762,0.686518,0.740841,0.636292,0.633953
8399.000399,-284533.5508,2.019094,18.608808,4.450415,1.245538,1.069205,3.604481,3.454394,1.290075,0.681895,1.087177,0.685341,0.653351
8449.000401,-282330.2578,1.934592,16.478785,4.345755,1.334406,1.09107,3.475237,3.511665,1.261293,0.726477,1.018176,0.669316,0.685125
8499.000404,-286610.1016,1.84069,17.460503,4.274281,1.372368,1.066041,3.399034,3.354958,1.339198,0.690193,1.044973,0.672317,0.656795
8549.000406,-283778.8242,3.15147,22.303195,1.155951,1.901997,1.349113,1.311153,1.333661,1.158559,0.621939,0.743336,0.606979,0.629668
8599.000408,-283412.2383,3.817917,20.622188,1.209439,1.197041,1.259144,0.905165,1.84199,1.084824,0.771188,0.732919,0.640219,0.701578
8649.000411,-282190.8867,3.76346,20.327291,1.217741,1.164533,1.294541,0.915212,1.894893,1.103667,0.751327,0.732232,0.676553,0.693275
8699.000413,-282938.5977,3.48496,19.89154,1.1697,1.832466,1.268576,1.206306,1.292241,1.082401,0.642173,0.731442,0.646185,0.646336
8749.000416,-282189.7227,3.378419,20.276751,1.160709,1.792438,1.374503,1.269977,1.273193,1.050957,0.645325,0.740095,0.647931,0.649988
8799.000418,-276150.9297,3.466312,19.578602,1.195934,1.891179,1.342692,1.215137,1.220471,1.038889,0.638825,0.717239,0.637113,0.653692
8849.00042,-281530.4727,3.130557,21.483938,1.174332,1.977265,1.399128,1.300868,1.296167,1.140502,0.633012,0.684148,0.620236,0.633103
8899.000423,-287693.2031,3.187494,20.383558,1.219035,1.984863,1.425058,1.235691,1.278757,1.099968,0.620955,0.661059,0.631164,0.643895
8949.000425,-280952.3398,3.211705,19.938157,1.230868,1.904925,1.345879,1.153557,1.280771,1.239436,0.63139,0.700019,0.63516,0.660425
8999.000427,-281047.3203,3.344088,19.829268,1.194537,1.87523,1.345609,1.201407,1.248369,1.149862,0.626337,0.671464,0.643757,0.652185
9049.00043,-282868.1914,3.289909,20.182825,1.196322,1.993039,1.373272,1.223471,1.197308,1.170223,0.651611,0.690069,0.609233,0.659045
9099.000432,-285137.3477,3.344292,20.314397,1.167131,1.887205,1.355813,1.211914,1.246436,1.155471,0.658207,0.690611,0.623608,0.660438
9149.000435,-286581.543,3.224489,20.681547,1.246943,1.98671,1.364651,1.184901,1.259008,1.164317,0.634929,0.668601,0.614839,0.654096
9199.000437,-284319.5508,3.25966,19.231913,1.22849,1.975813,1.368093,1.157762,1.243792,1.192809,0.632771,0.68446,0.63518,0.660052
9249.000439,-281277.5938,3.687945,21.719104,1.211242,1.141681,1.352146,0.944908,1.956065,1.11428,0.730353,0.720053,0.668925,0.66924
9299.000442,-283273.4414,3.596487,20.42121,1.275203,1.18978,1.319539,0.955361,1.948053,1.111774,0.726669,0.739189,0.688296,0.667641
9349.000444,-280735.6289,3.694154,22.940452,1.18947,1.192159,1.330799,0.974227,1.912668,1.092361,0.726723,0.719511,0.666207,0.692
9399.000446,-284192.3633,2.343614,18.984023,2.775378,1.095804,1.060958,2.846506,2.447476,1.233276,0.665206,1.014098,0.685176,0.625283
9449.000449,-279105.8047,2.205823,17.039603,2.759604,1.108824,1.140082,3.18734,2.557852,1.255762,0.691106,1.199981,0.686474,0.63179
9499.000451,-282042.7344,3.265108,18.613293,1.17714,1.971523,1.453106,1.152344,1.227731,1.189709,0.587246,0.666972,0.679143,0.664669
9549.000454,-284639.5625,3.148719,20.483912,1.282139,1.9632,1.404662,1.132352,1.250705,1.227689,0.598856,0.673513,0.650893,0.671728
9599.000456,-282581.2773,3.123,20.563693,1.28499,2.014002,1.385977,1.214711,1.248584,1.173521,0.593101,0.669753,0.643628,0.667959
9649.000458,-283354.7695,3.564463,21.553122,1.27784,1.17862,1.43062,0.9539,1.9328,1.04658,0.740712,0.698553,0.669553,0.631519
9699.000461,-281917.5625,3.773533,20.630182,1.223487,1.080744,1.407825,0.90353,1.919003,1.056234,0.742639,0.753648,0.668375,0.63463
9749.000463,-286630.4688,3.647545,21.789901,1.241603,1.201721,1.339874,0.935503,1.90642,1.08844,0.736667,0.738267,0.652082,0.655776
9799.000465,-281612.8906,3.367627,21.127476,1.11933,1.329733,1.69069,1.013662,1.466332,1.259544,0.695152,0.749187,0.639514,0.587811
9849.000468,-287983.0469,3.656764,21.704466,1.22612,1.185791,1.345896,0.928657,1.92207,1.107148,0.733062,0.741377,0.633108,0.679975
9899.00047,-281073.5352,3.720417,22.146247,1.230516,1.179764,1.335027,0.932266,1.8922,1.06278,0.747614,0.735586,0.625594,0.670825
9949.000473,-286035.7031,3.598726,21.116784,1.1887,1.262969,1.408929,0.960562,1.872716,1.052543,0.757227,0.730424,0.63078,0.674499
9999.000475,-286271.9766,3.740345,22.731869,1.18832,1.198824,1.362908,0.973618,1.872153,1.013604,0.73836,0.73467,0.63331,0.676677
